"index","code","timestamp","cpu","tensorcategories_version","oscar_version","pentagon_axiom","pentagon_runtime_seconds"
"1","(1, 1, 0, 1, 1, 1, 1)","2026-07-09 08:03:45","Intel(R) Xeon(R) Gold 6240M CPU @ 2.60GHz","0.6.0","1.7.3","true","0.13547917"
"2","(2, 1, 0, 1, 1, 1, 1)","2026-07-09 08:03:45","Intel(R) Xeon(R) Gold 6240M CPU @ 2.60GHz","0.6.0","1.7.3","true","0.000830063"
"3","(2, 1, 0, 1, 1, 1, 2)","2026-07-09 08:03:45","Intel(R) Xeon(R) Gold 6240M CPU @ 2.60GHz","0.6.0","1.7.3","true","0.000427215"
"4","(2, 1, 0, 1, 1, 2, 1)","2026-07-09 08:03:45","Intel(R) Xeon(R) Gold 6240M CPU @ 2.60GHz","0.6.0","1.7.3","true","0.00024662"
"5","(2, 1, 0, 1, 1, 2, 2)","2026-07-09 08:03:45","Intel(R) Xeon(R) Gold 6240M CPU @ 2.60GHz","0.6.0","1.7.3","true","0.000361694"
"6","(2, 1, 0, 1, 2, 1, 1)","2026-07-09 08:03:46","Intel(R) Xeon(R) Gold 6240M CPU @ 2.60GHz","0.6.0","1.7.3","true","0.048618496"
"7","(2, 1, 0, 1, 2, 1, 2)","2026-07-09 08:03:46","Intel(R) Xeon(R) Gold 6240M CPU @ 2.60GHz","0.6.0","1.7.3","true","0.000403376"
"8","(2, 1, 0, 1, 2, 2, 1)","2026-07-09 08:03:46","Intel(R) Xeon(R) Gold 6240M CPU @ 2.60GHz","0.6.0","1.7.3","true","0.000288918"
"9","(2, 1, 0, 1, 2, 2, 2)","2026-07-09 08:03:46","Intel(R) Xeon(R) Gold 6240M CPU @ 2.60GHz","0.6.0","1.7.3","true","0.000298165"
"10","(2, 1, 0, 2, 1, 1, 1)","2026-07-09 08:03:46","Intel(R) Xeon(R) Gold 6240M CPU @ 2.60GHz","0.6.0","1.7.3","true","0.005118653"
"11","(2, 1, 0, 2, 1, 2, 1)","2026-07-09 08:03:46","Intel(R) Xeon(R) Gold 6240M CPU @ 2.60GHz","0.6.0","1.7.3","true","0.004399517"
"12","(2, 1, 0, 2, 2, 1, 1)","2026-07-09 08:03:46","Intel(R) Xeon(R) Gold 6240M CPU @ 2.60GHz","0.6.0","1.7.3","true","0.004516436"
"13","(2, 1, 0, 2, 2, 2, 1)","2026-07-09 08:03:46","Intel(R) Xeon(R) Gold 6240M CPU @ 2.60GHz","0.6.0","1.7.3","true","0.004403912"
"14","(3, 1, 0, 1, 1, 1, 1)","2026-07-09 08:03:46","Intel(R) Xeon(R) Gold 6240M CPU @ 2.60GHz","0.6.0","1.7.3","true","0.039431697"
"15","(3, 1, 0, 1, 1, 1, 2)","2026-07-09 08:03:46","Intel(R) Xeon(R) Gold 6240M CPU @ 2.60GHz","0.6.0","1.7.3","true","0.039336295"
"16","(3, 1, 0, 1, 1, 2, 1)","2026-07-09 08:03:46","Intel(R) Xeon(R) Gold 6240M CPU @ 2.60GHz","0.6.0","1.7.3","true","0.038870113"
"17","(3, 1, 0, 1, 1, 2, 2)","2026-07-09 08:03:46","Intel(R) Xeon(R) Gold 6240M CPU @ 2.60GHz","0.6.0","1.7.3","true","0.033011208"
"18","(3, 1, 0, 1, 1, 3, 1)","2026-07-09 08:03:46","Intel(R) Xeon(R) Gold 6240M CPU @ 2.60GHz","0.6.0","1.7.3","true","0.038657976"
"19","(3, 1, 0, 1, 1, 3, 2)","2026-07-09 08:03:47","Intel(R) Xeon(R) Gold 6240M CPU @ 2.60GHz","0.6.0","1.7.3","true","0.03531972"
"20","(3, 1, 0, 1, 1, 4, 1)","2026-07-09 08:03:47","Intel(R) Xeon(R) Gold 6240M CPU @ 2.60GHz","0.6.0","1.7.3","true","0.035519383"
"21","(3, 1, 0, 1, 1, 4, 2)","2026-07-09 08:03:47","Intel(R) Xeon(R) Gold 6240M CPU @ 2.60GHz","0.6.0","1.7.3","true","0.034680502"
"22","(3, 1, 0, 1, 2, 1, 1)","2026-07-09 08:03:47","Intel(R) Xeon(R) Gold 6240M CPU @ 2.60GHz","0.6.0","1.7.3","true","0.035730138"
"23","(3, 1, 0, 1, 2, 1, 2)","2026-07-09 08:03:47","Intel(R) Xeon(R) Gold 6240M CPU @ 2.60GHz","0.6.0","1.7.3","true","0.03331841"
"24","(3, 1, 0, 1, 2, 2, 1)","2026-07-09 08:03:47","Intel(R) Xeon(R) Gold 6240M CPU @ 2.60GHz","0.6.0","1.7.3","true","0.040543191"
"25","(3, 1, 0, 1, 2, 2, 2)","2026-07-09 08:03:47","Intel(R) Xeon(R) Gold 6240M CPU @ 2.60GHz","0.6.0","1.7.3","true","0.032699068"
"26","(3, 1, 0, 1, 2, 3, 1)","2026-07-09 08:03:48","Intel(R) Xeon(R) Gold 6240M CPU @ 2.60GHz","0.6.0","1.7.3","true","0.032771083"
"27","(3, 1, 0, 1, 2, 3, 2)","2026-07-09 08:03:48","Intel(R) Xeon(R) Gold 6240M CPU @ 2.60GHz","0.6.0","1.7.3","true","0.035831926"
"28","(3, 1, 0, 1, 2, 4, 1)","2026-07-09 08:03:48","Intel(R) Xeon(R) Gold 6240M CPU @ 2.60GHz","0.6.0","1.7.3","true","0.035711197"
"29","(3, 1, 0, 1, 2, 4, 2)","2026-07-09 08:03:48","Intel(R) Xeon(R) Gold 6240M CPU @ 2.60GHz","0.6.0","1.7.3","true","0.040401454"
"30","(3, 1, 0, 2, 1, 1, 1)","2026-07-09 08:03:48","Intel(R) Xeon(R) Gold 6240M CPU @ 2.60GHz","0.6.0","1.7.3","true","0.121322336"
"31","(3, 1, 0, 2, 1, 2, 1)","2026-07-09 08:03:48","Intel(R) Xeon(R) Gold 6240M CPU @ 2.60GHz","0.6.0","1.7.3","true","0.018192793"
"32","(3, 1, 0, 2, 1, 3, 1)","2026-07-09 08:03:48","Intel(R) Xeon(R) Gold 6240M CPU @ 2.60GHz","0.6.0","1.7.3","true","2.608882719"
"33","(3, 1, 0, 2, 2, 0, 1)","2026-07-09 08:03:51","Intel(R) Xeon(R) Gold 6240M CPU @ 2.60GHz","0.6.0","1.7.3","true","0.01782998"
"34","(3, 1, 0, 2, 3, 0, 1)","2026-07-09 08:03:51","Intel(R) Xeon(R) Gold 6240M CPU @ 2.60GHz","0.6.0","1.7.3","true","0.017549769"
"35","(3, 1, 0, 3, 1, 1, 1)","2026-07-09 08:03:51","Intel(R) Xeon(R) Gold 6240M CPU @ 2.60GHz","0.6.0","1.7.3","true","0.063351346"
"36","(3, 1, 0, 3, 1, 2, 1)","2026-07-09 08:03:51","Intel(R) Xeon(R) Gold 6240M CPU @ 2.60GHz","0.6.0","1.7.3","true","0.068733445"
"37","(3, 1, 0, 3, 2, 1, 1)","2026-07-09 08:03:51","Intel(R) Xeon(R) Gold 6240M CPU @ 2.60GHz","0.6.0","1.7.3","true","0.065018412"
"38","(3, 1, 0, 3, 2, 2, 1)","2026-07-09 08:03:51","Intel(R) Xeon(R) Gold 6240M CPU @ 2.60GHz","0.6.0","1.7.3","true","0.065492025"
"39","(3, 1, 0, 3, 3, 1, 1)","2026-07-09 08:03:52","Intel(R) Xeon(R) Gold 6240M CPU @ 2.60GHz","0.6.0","1.7.3","true","0.065925002"
"40","(3, 1, 0, 3, 3, 2, 1)","2026-07-09 08:03:52","Intel(R) Xeon(R) Gold 6240M CPU @ 2.60GHz","0.6.0","1.7.3","true","0.331863996"
"41","(3, 1, 2, 1, 1, 1, 1)","2026-07-09 08:03:52","Intel(R) Xeon(R) Gold 6240M CPU @ 2.60GHz","0.6.0","1.7.3","true","0.002776887"
"42","(3, 1, 2, 1, 1, 1, 2)","2026-07-09 08:03:52","Intel(R) Xeon(R) Gold 6240M CPU @ 2.60GHz","0.6.0","1.7.3","true","0.00269934"
"43","(3, 1, 2, 1, 1, 2, 1)","2026-07-09 08:03:52","Intel(R) Xeon(R) Gold 6240M CPU @ 2.60GHz","0.6.0","1.7.3","true","0.005365886"
"44","(3, 1, 2, 1, 1, 2, 2)","2026-07-09 08:03:52","Intel(R) Xeon(R) Gold 6240M CPU @ 2.60GHz","0.6.0","1.7.3","true","0.003511941"
"45","(3, 1, 2, 1, 1, 3, 1)","2026-07-09 08:03:52","Intel(R) Xeon(R) Gold 6240M CPU @ 2.60GHz","0.6.0","1.7.3","true","0.004507473"
"46","(3, 1, 2, 1, 1, 3, 2)","2026-07-09 08:03:52","Intel(R) Xeon(R) Gold 6240M CPU @ 2.60GHz","0.6.0","1.7.3","true","0.005453179"
"47","(3, 1, 2, 1, 2, 0, 1)","2026-07-09 08:03:52","Intel(R) Xeon(R) Gold 6240M CPU @ 2.60GHz","0.6.0","1.7.3","true","0.009819523"
"48","(3, 1, 2, 1, 2, 0, 2)","2026-07-09 08:03:53","Intel(R) Xeon(R) Gold 6240M CPU @ 2.60GHz","0.6.0","1.7.3","true","0.007801735"
"49","(3, 1, 2, 1, 3, 0, 1)","2026-07-09 08:03:53","Intel(R) Xeon(R) Gold 6240M CPU @ 2.60GHz","0.6.0","1.7.3","true","0.008813268"
"50","(3, 1, 2, 1, 3, 0, 2)","2026-07-09 08:03:53","Intel(R) Xeon(R) Gold 6240M CPU @ 2.60GHz","0.6.0","1.7.3","true","0.011303193"
"51","(4, 1, 0, 1, 1, 1, 1)","2026-07-09 08:03:53","Intel(R) Xeon(R) Gold 6240M CPU @ 2.60GHz","0.6.0","1.7.3","true","0.067900817"
"52","(4, 1, 0, 1, 1, 1, 2)","2026-07-09 08:03:53","Intel(R) Xeon(R) Gold 6240M CPU @ 2.60GHz","0.6.0","1.7.3","true","0.045982947"
"53","(4, 1, 0, 1, 1, 1, 3)","2026-07-09 08:03:53","Intel(R) Xeon(R) Gold 6240M CPU @ 2.60GHz","0.6.0","1.7.3","true","0.043397669"
"54","(4, 1, 0, 1, 1, 2, 1)","2026-07-09 08:03:53","Intel(R) Xeon(R) Gold 6240M CPU @ 2.60GHz","0.6.0","1.7.3","true","0.044734842"
"55","(4, 1, 0, 1, 1, 2, 2)","2026-07-09 08:03:53","Intel(R) Xeon(R) Gold 6240M CPU @ 2.60GHz","0.6.0","1.7.3","true","0.039624234"
"56","(4, 1, 0, 1, 1, 3, 1)","2026-07-09 08:03:53","Intel(R) Xeon(R) Gold 6240M CPU @ 2.60GHz","0.6.0","1.7.3","true","0.03892902"
"57","(4, 1, 0, 1, 1, 3, 2)","2026-07-09 08:03:53","Intel(R) Xeon(R) Gold 6240M CPU @ 2.60GHz","0.6.0","1.7.3","true","0.039123487"
"58","(4, 1, 0, 1, 1, 4, 1)","2026-07-09 08:03:54","Intel(R) Xeon(R) Gold 6240M CPU @ 2.60GHz","0.6.0","1.7.3","true","0.039780939"
"59","(4, 1, 0, 1, 1, 4, 2)","2026-07-09 08:03:54","Intel(R) Xeon(R) Gold 6240M CPU @ 2.60GHz","0.6.0","1.7.3","true","0.03871911"
"60","(4, 1, 0, 1, 1, 4, 3)","2026-07-09 08:03:54","Intel(R) Xeon(R) Gold 6240M CPU @ 2.60GHz","0.6.0","1.7.3","true","0.038686858"
"61","(4, 1, 0, 1, 2, 1, 1)","2026-07-09 08:03:54","Intel(R) Xeon(R) Gold 6240M CPU @ 2.60GHz","0.6.0","1.7.3","true","0.038337183"
"62","(4, 1, 0, 1, 2, 1, 2)","2026-07-09 08:03:54","Intel(R) Xeon(R) Gold 6240M CPU @ 2.60GHz","0.6.0","1.7.3","true","0.036484464"
"63","(4, 1, 0, 1, 2, 1, 3)","2026-07-09 08:03:54","Intel(R) Xeon(R) Gold 6240M CPU @ 2.60GHz","0.6.0","1.7.3","true","0.038769304"
"64","(4, 1, 0, 1, 2, 2, 1)","2026-07-09 08:03:54","Intel(R) Xeon(R) Gold 6240M CPU @ 2.60GHz","0.6.0","1.7.3","true","0.038748321"
"65","(4, 1, 0, 1, 2, 2, 2)","2026-07-09 08:03:54","Intel(R) Xeon(R) Gold 6240M CPU @ 2.60GHz","0.6.0","1.7.3","true","0.03850297"
"66","(4, 1, 0, 1, 2, 2, 3)","2026-07-09 08:03:54","Intel(R) Xeon(R) Gold 6240M CPU @ 2.60GHz","0.6.0","1.7.3","true","0.038699019"
"67","(4, 1, 0, 1, 2, 2, 4)","2026-07-09 08:03:55","Intel(R) Xeon(R) Gold 6240M CPU @ 2.60GHz","0.6.0","1.7.3","true","0.039063885"
"68","(4, 1, 0, 1, 2, 3, 1)","2026-07-09 08:03:55","Intel(R) Xeon(R) Gold 6240M CPU @ 2.60GHz","0.6.0","1.7.3","true","0.042751903"
"69","(4, 1, 0, 1, 2, 3, 2)","2026-07-09 08:03:55","Intel(R) Xeon(R) Gold 6240M CPU @ 2.60GHz","0.6.0","1.7.3","true","0.034952475"
"70","(4, 1, 0, 1, 2, 3, 3)","2026-07-09 08:03:55","Intel(R) Xeon(R) Gold 6240M CPU @ 2.60GHz","0.6.0","1.7.3","true","0.036634917"
"71","(4, 1, 0, 1, 2, 4, 1)","2026-07-09 08:03:55","Intel(R) Xeon(R) Gold 6240M CPU @ 2.60GHz","0.6.0","1.7.3","true","0.037879942"
"72","(4, 1, 0, 1, 2, 4, 2)","2026-07-09 08:03:55","Intel(R) Xeon(R) Gold 6240M CPU @ 2.60GHz","0.6.0","1.7.3","true","0.037269527"
"73","(4, 1, 0, 1, 2, 4, 3)","2026-07-09 08:03:55","Intel(R) Xeon(R) Gold 6240M CPU @ 2.60GHz","0.6.0","1.7.3","true","0.039164077"
"74","(4, 1, 0, 1, 2, 5, 1)","2026-07-09 08:03:55","Intel(R) Xeon(R) Gold 6240M CPU @ 2.60GHz","0.6.0","1.7.3","true","0.041705869"
"75","(4, 1, 0, 1, 2, 5, 2)","2026-07-09 08:03:55","Intel(R) Xeon(R) Gold 6240M CPU @ 2.60GHz","0.6.0","1.7.3","true","0.085380157"
"76","(4, 1, 0, 1, 2, 5, 3)","2026-07-09 08:03:56","Intel(R) Xeon(R) Gold 6240M CPU @ 2.60GHz","0.6.0","1.7.3","true","0.02374578"
"77","(4, 1, 0, 1, 2, 5, 4)","2026-07-09 08:03:56","Intel(R) Xeon(R) Gold 6240M CPU @ 2.60GHz","0.6.0","1.7.3","true","0.025439245"
"78","(4, 1, 0, 1, 2, 6, 1)","2026-07-09 08:03:56","Intel(R) Xeon(R) Gold 6240M CPU @ 2.60GHz","0.6.0","1.7.3","true","0.028804993"
"79","(4, 1, 0, 1, 2, 6, 2)","2026-07-09 08:03:56","Intel(R) Xeon(R) Gold 6240M CPU @ 2.60GHz","0.6.0","1.7.3","true","0.030701411"
"80","(4, 1, 0, 1, 2, 6, 3)","2026-07-09 08:03:56","Intel(R) Xeon(R) Gold 6240M CPU @ 2.60GHz","0.6.0","1.7.3","true","0.031317882"
"81","(4, 1, 0, 1, 3, 0, 1)","2026-07-09 08:03:56","Intel(R) Xeon(R) Gold 6240M CPU @ 2.60GHz","0.6.0","1.7.3","true","0.033918448"
"82","(4, 1, 0, 1, 3, 0, 2)","2026-07-09 08:03:56","Intel(R) Xeon(R) Gold 6240M CPU @ 2.60GHz","0.6.0","1.7.3","true","0.033998291"
"83","(4, 1, 0, 1, 3, 0, 3)","2026-07-09 08:03:56","Intel(R) Xeon(R) Gold 6240M CPU @ 2.60GHz","0.6.0","1.7.3","true","0.03577479"
"84","(4, 1, 0, 1, 4, 0, 1)","2026-07-09 08:03:56","Intel(R) Xeon(R) Gold 6240M CPU @ 2.60GHz","0.6.0","1.7.3","true","0.035377375"
"85","(4, 1, 0, 1, 4, 0, 2)","2026-07-09 08:03:56","Intel(R) Xeon(R) Gold 6240M CPU @ 2.60GHz","0.6.0","1.7.3","true","0.035899021"
"86","(4, 1, 0, 2, 1, 1, 1)","2026-07-09 08:03:56","Intel(R) Xeon(R) Gold 6240M CPU @ 2.60GHz","0.6.0","1.7.3","true","0.43320336"
"87","(4, 1, 0, 2, 1, 1, 2)","2026-07-09 08:03:57","Intel(R) Xeon(R) Gold 6240M CPU @ 2.60GHz","0.6.0","1.7.3","true","0.352210649"
"88","(4, 1, 0, 2, 1, 2, 1)","2026-07-09 08:03:57","Intel(R) Xeon(R) Gold 6240M CPU @ 2.60GHz","0.6.0","1.7.3","true","0.214742689"
"89","(4, 1, 0, 2, 1, 2, 2)","2026-07-09 08:03:58","Intel(R) Xeon(R) Gold 6240M CPU @ 2.60GHz","0.6.0","1.7.3","true","0.266911038"
"90","(4, 1, 0, 2, 1, 3, 1)","2026-07-09 08:03:58","Intel(R) Xeon(R) Gold 6240M CPU @ 2.60GHz","0.6.0","1.7.3","true","0.260742266"
"91","(4, 1, 0, 2, 1, 3, 2)","2026-07-09 08:03:58","Intel(R) Xeon(R) Gold 6240M CPU @ 2.60GHz","0.6.0","1.7.3","true","0.263511963"
"92","(4, 1, 0, 2, 1, 4, 1)","2026-07-09 08:03:59","Intel(R) Xeon(R) Gold 6240M CPU @ 2.60GHz","0.6.0","1.7.3","true","0.248543785"
"93","(4, 1, 0, 2, 1, 4, 2)","2026-07-09 08:03:59","Intel(R) Xeon(R) Gold 6240M CPU @ 2.60GHz","0.6.0","1.7.3","true","0.286418699"
"94","(4, 1, 0, 2, 2, 1, 1)","2026-07-09 08:03:59","Intel(R) Xeon(R) Gold 6240M CPU @ 2.60GHz","0.6.0","1.7.3","true","0.242786002"
"95","(4, 1, 0, 2, 2, 1, 2)","2026-07-09 08:04:00","Intel(R) Xeon(R) Gold 6240M CPU @ 2.60GHz","0.6.0","1.7.3","true","0.238291031"
"96","(4, 1, 0, 2, 2, 2, 1)","2026-07-09 08:04:00","Intel(R) Xeon(R) Gold 6240M CPU @ 2.60GHz","0.6.0","1.7.3","true","0.239261332"
"97","(4, 1, 0, 2, 2, 2, 2)","2026-07-09 08:04:00","Intel(R) Xeon(R) Gold 6240M CPU @ 2.60GHz","0.6.0","1.7.3","true","0.652500766"
"98","(4, 1, 0, 2, 2, 3, 1)","2026-07-09 08:04:01","Intel(R) Xeon(R) Gold 6240M CPU @ 2.60GHz","0.6.0","1.7.3","true","2.661105971"
"99","(4, 1, 0, 2, 2, 3, 2)","2026-07-09 08:04:04","Intel(R) Xeon(R) Gold 6240M CPU @ 2.60GHz","0.6.0","1.7.3","true","0.241154825"
"100","(4, 1, 0, 2, 2, 4, 1)","2026-07-09 08:04:04","Intel(R) Xeon(R) Gold 6240M CPU @ 2.60GHz","0.6.0","1.7.3","true","0.228749906"
"101","(4, 1, 0, 2, 2, 4, 2)","2026-07-09 08:04:04","Intel(R) Xeon(R) Gold 6240M CPU @ 2.60GHz","0.6.0","1.7.3","true","0.212640238"
"102","(4, 1, 0, 2, 3, 1, 1)","2026-07-09 08:04:05","Intel(R) Xeon(R) Gold 6240M CPU @ 2.60GHz","0.6.0","1.7.3","true","0.235356077"
"103","(4, 1, 0, 2, 3, 1, 2)","2026-07-09 08:04:05","Intel(R) Xeon(R) Gold 6240M CPU @ 2.60GHz","0.6.0","1.7.3","true","0.240908562"
"104","(4, 1, 0, 2, 3, 2, 1)","2026-07-09 08:04:05","Intel(R) Xeon(R) Gold 6240M CPU @ 2.60GHz","0.6.0","1.7.3","true","0.329066909"
"105","(4, 1, 0, 2, 3, 2, 2)","2026-07-09 08:04:06","Intel(R) Xeon(R) Gold 6240M CPU @ 2.60GHz","0.6.0","1.7.3","true","0.226107414"
"106","(4, 1, 0, 2, 3, 3, 1)","2026-07-09 08:04:06","Intel(R) Xeon(R) Gold 6240M CPU @ 2.60GHz","0.6.0","1.7.3","true","0.325819984"
"107","(4, 1, 0, 2, 3, 3, 2)","2026-07-09 08:04:06","Intel(R) Xeon(R) Gold 6240M CPU @ 2.60GHz","0.6.0","1.7.3","true","0.219864601"
"108","(4, 1, 0, 2, 3, 4, 1)","2026-07-09 08:04:07","Intel(R) Xeon(R) Gold 6240M CPU @ 2.60GHz","0.6.0","1.7.3","true","0.294379705"
"109","(4, 1, 0, 2, 3, 4, 2)","2026-07-09 08:04:07","Intel(R) Xeon(R) Gold 6240M CPU @ 2.60GHz","0.6.0","1.7.3","true","0.22796937"
"110","(4, 1, 0, 2, 4, 1, 1)","2026-07-09 08:04:07","Intel(R) Xeon(R) Gold 6240M CPU @ 2.60GHz","0.6.0","1.7.3","true","0.21270444"
"111","(4, 1, 0, 2, 4, 1, 2)","2026-07-09 08:04:08","Intel(R) Xeon(R) Gold 6240M CPU @ 2.60GHz","0.6.0","1.7.3","true","0.266905136"
"112","(4, 1, 0, 2, 4, 2, 1)","2026-07-09 08:04:08","Intel(R) Xeon(R) Gold 6240M CPU @ 2.60GHz","0.6.0","1.7.3","true","0.268521769"
"113","(4, 1, 0, 2, 4, 2, 2)","2026-07-09 08:04:08","Intel(R) Xeon(R) Gold 6240M CPU @ 2.60GHz","0.6.0","1.7.3","true","0.25834288"
"114","(4, 1, 0, 2, 4, 3, 1)","2026-07-09 08:04:09","Intel(R) Xeon(R) Gold 6240M CPU @ 2.60GHz","0.6.0","1.7.3","true","0.255900275"
"115","(4, 1, 0, 2, 4, 3, 2)","2026-07-09 08:04:09","Intel(R) Xeon(R) Gold 6240M CPU @ 2.60GHz","0.6.0","1.7.3","true","0.252802011"
"116","(4, 1, 0, 2, 4, 4, 1)","2026-07-09 08:04:09","Intel(R) Xeon(R) Gold 6240M CPU @ 2.60GHz","0.6.0","1.7.3","true","0.254898946"
"117","(4, 1, 0, 2, 4, 4, 2)","2026-07-09 08:04:10","Intel(R) Xeon(R) Gold 6240M CPU @ 2.60GHz","0.6.0","1.7.3","true","0.252966267"
"118","(4, 1, 0, 3, 1, 1, 1)","2026-07-09 08:04:10","Intel(R) Xeon(R) Gold 6240M CPU @ 2.60GHz","0.6.0","1.7.3","true","0.484812034"
"119","(4, 1, 0, 3, 1, 2, 1)","2026-07-09 08:04:10","Intel(R) Xeon(R) Gold 6240M CPU @ 2.60GHz","0.6.0","1.7.3","true","0.448996621"
"120","(4, 1, 0, 3, 1, 3, 1)","2026-07-09 08:04:11","Intel(R) Xeon(R) Gold 6240M CPU @ 2.60GHz","0.6.0","1.7.3","true","0.482367769"
"121","(4, 1, 0, 3, 2, 0, 1)","2026-07-09 08:04:12","Intel(R) Xeon(R) Gold 6240M CPU @ 2.60GHz","0.6.0","1.7.3","true","0.314030802"
"122","(4, 1, 0, 3, 3, 0, 1)","2026-07-09 08:04:12","Intel(R) Xeon(R) Gold 6240M CPU @ 2.60GHz","0.6.0","1.7.3","true","0.467801418"
"123","(4, 1, 0, 4, 1, 1, 1)","2026-07-09 08:04:13","Intel(R) Xeon(R) Gold 6240M CPU @ 2.60GHz","0.6.0","1.7.3","true","0.526222489"
"124","(4, 1, 0, 4, 2, 1, 1)","2026-07-09 08:04:13","Intel(R) Xeon(R) Gold 6240M CPU @ 2.60GHz","0.6.0","1.7.3","true","0.854445829"
"125","(4, 1, 0, 5, 1, 1, 1)","2026-07-09 08:04:14","Intel(R) Xeon(R) Gold 6240M CPU @ 2.60GHz","0.6.0","1.7.3","true","2.749441546"
"126","(4, 1, 0, 5, 1, 2, 1)","2026-07-09 08:04:17","Intel(R) Xeon(R) Gold 6240M CPU @ 2.60GHz","0.6.0","1.7.3","true","0.54936401"
"127","(4, 1, 0, 5, 1, 3, 1)","2026-07-09 08:04:18","Intel(R) Xeon(R) Gold 6240M CPU @ 2.60GHz","0.6.0","1.7.3","true","0.533584191"
"128","(4, 1, 0, 5, 2, 1, 1)","2026-07-09 08:04:18","Intel(R) Xeon(R) Gold 6240M CPU @ 2.60GHz","0.6.0","1.7.3","true","0.655471941"
"129","(4, 1, 0, 5, 2, 2, 1)","2026-07-09 08:04:19","Intel(R) Xeon(R) Gold 6240M CPU @ 2.60GHz","0.6.0","1.7.3","true","0.534246165"
"130","(4, 1, 0, 5, 2, 3, 1)","2026-07-09 08:04:20","Intel(R) Xeon(R) Gold 6240M CPU @ 2.60GHz","0.6.0","1.7.3","true","0.513526999"
"131","(4, 1, 0, 5, 2, 4, 1)","2026-07-09 08:04:21","Intel(R) Xeon(R) Gold 6240M CPU @ 2.60GHz","0.6.0","1.7.3","true","0.587262791"
"132","(4, 1, 0, 5, 3, 1, 1)","2026-07-09 08:04:21","Intel(R) Xeon(R) Gold 6240M CPU @ 2.60GHz","0.6.0","1.7.3","true","0.569434108"
"133","(4, 1, 0, 5, 3, 2, 1)","2026-07-09 08:04:22","Intel(R) Xeon(R) Gold 6240M CPU @ 2.60GHz","0.6.0","1.7.3","true","0.61756233"
"134","(4, 1, 0, 5, 3, 3, 1)","2026-07-09 08:04:23","Intel(R) Xeon(R) Gold 6240M CPU @ 2.60GHz","0.6.0","1.7.3","true","0.614484816"
"135","(4, 1, 0, 6, 1, 1, 1)","2026-07-09 08:04:23","Intel(R) Xeon(R) Gold 6240M CPU @ 2.60GHz","0.6.0","1.7.3","true","1.123896448"
"136","(4, 1, 0, 6, 1, 2, 1)","2026-07-09 08:04:25","Intel(R) Xeon(R) Gold 6240M CPU @ 2.60GHz","0.6.0","1.7.3","true","3.352334305"
"137","(4, 1, 0, 6, 2, 1, 1)","2026-07-09 08:04:28","Intel(R) Xeon(R) Gold 6240M CPU @ 2.60GHz","0.6.0","1.7.3","true","1.163194978"
"138","(4, 1, 0, 6, 2, 2, 1)","2026-07-09 08:04:29","Intel(R) Xeon(R) Gold 6240M CPU @ 2.60GHz","0.6.0","1.7.3","true","1.080041533"
"139","(4, 1, 0, 6, 3, 1, 1)","2026-07-09 08:04:30","Intel(R) Xeon(R) Gold 6240M CPU @ 2.60GHz","0.6.0","1.7.3","true","1.055173921"
"140","(4, 1, 0, 6, 3, 2, 1)","2026-07-09 08:04:32","Intel(R) Xeon(R) Gold 6240M CPU @ 2.60GHz","0.6.0","1.7.3","true","1.056444777"
"141","(4, 1, 2, 1, 1, 1, 1)","2026-07-09 08:04:33","Intel(R) Xeon(R) Gold 6240M CPU @ 2.60GHz","0.6.0","1.7.3","true","0.025181687"
"142","(4, 1, 2, 1, 1, 1, 2)","2026-07-09 08:04:33","Intel(R) Xeon(R) Gold 6240M CPU @ 2.60GHz","0.6.0","1.7.3","true","0.025006373"
"143","(4, 1, 2, 1, 1, 1, 3)","2026-07-09 08:04:33","Intel(R) Xeon(R) Gold 6240M CPU @ 2.60GHz","0.6.0","1.7.3","true","0.025141288"
"144","(4, 1, 2, 1, 1, 2, 1)","2026-07-09 08:04:33","Intel(R) Xeon(R) Gold 6240M CPU @ 2.60GHz","0.6.0","1.7.3","true","0.026742564"
"145","(4, 1, 2, 1, 1, 2, 2)","2026-07-09 08:04:33","Intel(R) Xeon(R) Gold 6240M CPU @ 2.60GHz","0.6.0","1.7.3","true","0.072597541"
"146","(4, 1, 2, 1, 1, 2, 3)","2026-07-09 08:04:33","Intel(R) Xeon(R) Gold 6240M CPU @ 2.60GHz","0.6.0","1.7.3","true","0.025072668"
"147","(4, 1, 2, 1, 1, 3, 1)","2026-07-09 08:04:33","Intel(R) Xeon(R) Gold 6240M CPU @ 2.60GHz","0.6.0","1.7.3","true","0.025031019"
"148","(4, 1, 2, 1, 1, 3, 2)","2026-07-09 08:04:33","Intel(R) Xeon(R) Gold 6240M CPU @ 2.60GHz","0.6.0","1.7.3","true","0.02677142"
"149","(4, 1, 2, 1, 1, 3, 3)","2026-07-09 08:04:33","Intel(R) Xeon(R) Gold 6240M CPU @ 2.60GHz","0.6.0","1.7.3","true","0.029095127"
"150","(4, 1, 2, 1, 1, 4, 1)","2026-07-09 08:04:34","Intel(R) Xeon(R) Gold 6240M CPU @ 2.60GHz","0.6.0","1.7.3","true","0.030610219"
"151","(4, 1, 2, 1, 1, 4, 2)","2026-07-09 08:04:34","Intel(R) Xeon(R) Gold 6240M CPU @ 2.60GHz","0.6.0","1.7.3","true","0.03295107"
"152","(4, 1, 2, 1, 1, 4, 3)","2026-07-09 08:04:34","Intel(R) Xeon(R) Gold 6240M CPU @ 2.60GHz","0.6.0","1.7.3","true","0.034095525"
"153","(4, 1, 2, 1, 2, 1, 1)","2026-07-09 08:04:34","Intel(R) Xeon(R) Gold 6240M CPU @ 2.60GHz","0.6.0","1.7.3","true","0.034293812"
"154","(4, 1, 2, 1, 2, 1, 2)","2026-07-09 08:04:34","Intel(R) Xeon(R) Gold 6240M CPU @ 2.60GHz","0.6.0","1.7.3","true","0.03497964"
"155","(4, 1, 2, 1, 2, 1, 3)","2026-07-09 08:04:34","Intel(R) Xeon(R) Gold 6240M CPU @ 2.60GHz","0.6.0","1.7.3","true","0.038219334"
"156","(4, 1, 2, 1, 2, 2, 1)","2026-07-09 08:04:34","Intel(R) Xeon(R) Gold 6240M CPU @ 2.60GHz","0.6.0","1.7.3","true","0.037844784"
"157","(4, 1, 2, 1, 2, 2, 2)","2026-07-09 08:04:34","Intel(R) Xeon(R) Gold 6240M CPU @ 2.60GHz","0.6.0","1.7.3","true","0.037058386"
"158","(4, 1, 2, 1, 2, 2, 3)","2026-07-09 08:04:34","Intel(R) Xeon(R) Gold 6240M CPU @ 2.60GHz","0.6.0","1.7.3","true","0.310608997"
"159","(4, 1, 2, 1, 2, 3, 1)","2026-07-09 08:04:35","Intel(R) Xeon(R) Gold 6240M CPU @ 2.60GHz","0.6.0","1.7.3","true","0.023922319"
"160","(4, 1, 2, 1, 2, 3, 2)","2026-07-09 08:04:35","Intel(R) Xeon(R) Gold 6240M CPU @ 2.60GHz","0.6.0","1.7.3","true","0.023910484"
"161","(4, 1, 2, 1, 2, 3, 3)","2026-07-09 08:04:35","Intel(R) Xeon(R) Gold 6240M CPU @ 2.60GHz","0.6.0","1.7.3","true","0.024192001"
"162","(4, 1, 2, 1, 2, 4, 1)","2026-07-09 08:04:35","Intel(R) Xeon(R) Gold 6240M CPU @ 2.60GHz","0.6.0","1.7.3","true","0.026621421"
"163","(4, 1, 2, 1, 2, 4, 2)","2026-07-09 08:04:35","Intel(R) Xeon(R) Gold 6240M CPU @ 2.60GHz","0.6.0","1.7.3","true","2.246207412"
"164","(4, 1, 2, 1, 2, 4, 3)","2026-07-09 08:04:37","Intel(R) Xeon(R) Gold 6240M CPU @ 2.60GHz","0.6.0","1.7.3","true","0.024367729"
"165","(4, 1, 2, 1, 3, 0, 1)","2026-07-09 08:04:37","Intel(R) Xeon(R) Gold 6240M CPU @ 2.60GHz","0.6.0","1.7.3","true","0.024963884"
"166","(4, 1, 2, 1, 3, 0, 2)","2026-07-09 08:04:38","Intel(R) Xeon(R) Gold 6240M CPU @ 2.60GHz","0.6.0","1.7.3","true","0.023955074"
"167","(4, 1, 2, 1, 3, 0, 3)","2026-07-09 08:04:38","Intel(R) Xeon(R) Gold 6240M CPU @ 2.60GHz","0.6.0","1.7.3","true","0.025618877"
"168","(4, 1, 2, 1, 4, 0, 1)","2026-07-09 08:04:38","Intel(R) Xeon(R) Gold 6240M CPU @ 2.60GHz","0.6.0","1.7.3","true","0.029992913"
"169","(4, 1, 2, 1, 4, 0, 2)","2026-07-09 08:04:38","Intel(R) Xeon(R) Gold 6240M CPU @ 2.60GHz","0.6.0","1.7.3","true","0.02990235"
"170","(4, 1, 2, 1, 4, 0, 3)","2026-07-09 08:04:38","Intel(R) Xeon(R) Gold 6240M CPU @ 2.60GHz","0.6.0","1.7.3","true","0.030631981"
"171","(4, 1, 2, 2, 1, 0, 1)","2026-07-09 08:04:38","Intel(R) Xeon(R) Gold 6240M CPU @ 2.60GHz","0.6.0","1.7.3","true","0.105881861"
"172","(4, 1, 2, 2, 1, 0, 2)","2026-07-09 08:04:38","Intel(R) Xeon(R) Gold 6240M CPU @ 2.60GHz","0.6.0","1.7.3","true","0.105303198"
"173","(4, 1, 2, 2, 2, 0, 1)","2026-07-09 08:04:39","Intel(R) Xeon(R) Gold 6240M CPU @ 2.60GHz","0.6.0","1.7.3","true","0.100198393"
"174","(4, 1, 2, 2, 2, 0, 2)","2026-07-09 08:04:39","Intel(R) Xeon(R) Gold 6240M CPU @ 2.60GHz","0.6.0","1.7.3","true","0.093992326"
"175","(4, 1, 2, 2, 3, 0, 1)","2026-07-09 08:04:39","Intel(R) Xeon(R) Gold 6240M CPU @ 2.60GHz","0.6.0","1.7.3","true","0.11287643"
"176","(4, 1, 2, 2, 3, 0, 2)","2026-07-09 08:04:39","Intel(R) Xeon(R) Gold 6240M CPU @ 2.60GHz","0.6.0","1.7.3","true","0.099762669"
"177","(4, 1, 2, 2, 4, 0, 1)","2026-07-09 08:04:39","Intel(R) Xeon(R) Gold 6240M CPU @ 2.60GHz","0.6.0","1.7.3","true","0.110697246"
"178","(4, 1, 2, 2, 4, 0, 2)","2026-07-09 08:04:39","Intel(R) Xeon(R) Gold 6240M CPU @ 2.60GHz","0.6.0","1.7.3","true","0.111058607"
"179","(4, 1, 2, 4, 1, 0, 1)","2026-07-09 08:04:40","Intel(R) Xeon(R) Gold 6240M CPU @ 2.60GHz","0.6.0","1.7.3","true","0.566926513"
"180","(4, 1, 2, 4, 2, 0, 1)","2026-07-09 08:04:40","Intel(R) Xeon(R) Gold 6240M CPU @ 2.60GHz","0.6.0","1.7.3","true","0.538045011"
"181","(4, 1, 2, 4, 3, 0, 1)","2026-07-09 08:04:41","Intel(R) Xeon(R) Gold 6240M CPU @ 2.60GHz","0.6.0","1.7.3","true","0.38467783"
"182","(4, 1, 2, 4, 4, 0, 1)","2026-07-09 08:04:41","Intel(R) Xeon(R) Gold 6240M CPU @ 2.60GHz","0.6.0","1.7.3","true","0.492292364"
"183","(5, 1, 0, 1, 1, 1, 1)","2026-07-09 08:04:42","Intel(R) Xeon(R) Gold 6240M CPU @ 2.60GHz","0.6.0","1.7.3","true","0.544028287"
"184","(5, 1, 0, 1, 1, 1, 2)","2026-07-09 08:04:43","Intel(R) Xeon(R) Gold 6240M CPU @ 2.60GHz","0.6.0","1.7.3","true","0.530078958"
"185","(5, 1, 0, 1, 1, 2, 1)","2026-07-09 08:04:43","Intel(R) Xeon(R) Gold 6240M CPU @ 2.60GHz","0.6.0","1.7.3","true","0.475395585"
"186","(5, 1, 0, 1, 1, 2, 2)","2026-07-09 08:04:44","Intel(R) Xeon(R) Gold 6240M CPU @ 2.60GHz","0.6.0","1.7.3","true","0.446779628"
"187","(5, 1, 0, 1, 1, 3, 1)","2026-07-09 08:04:44","Intel(R) Xeon(R) Gold 6240M CPU @ 2.60GHz","0.6.0","1.7.3","true","0.853476828"
"188","(5, 1, 0, 1, 1, 3, 2)","2026-07-09 08:04:45","Intel(R) Xeon(R) Gold 6240M CPU @ 2.60GHz","0.6.0","1.7.3","true","0.601529366"
"189","(5, 1, 0, 1, 1, 4, 1)","2026-07-09 08:04:46","Intel(R) Xeon(R) Gold 6240M CPU @ 2.60GHz","0.6.0","1.7.3","true","0.394040081"
"190","(5, 1, 0, 1, 1, 4, 2)","2026-07-09 08:04:46","Intel(R) Xeon(R) Gold 6240M CPU @ 2.60GHz","0.6.0","1.7.3","true","0.675519382"
"191","(5, 1, 0, 1, 2, 1, 1)","2026-07-09 08:04:47","Intel(R) Xeon(R) Gold 6240M CPU @ 2.60GHz","0.6.0","1.7.3","true","0.396211538"
"192","(5, 1, 0, 1, 2, 1, 2)","2026-07-09 08:04:48","Intel(R) Xeon(R) Gold 6240M CPU @ 2.60GHz","0.6.0","1.7.3","true","0.780560137"
"193","(5, 1, 0, 1, 2, 2, 1)","2026-07-09 08:04:48","Intel(R) Xeon(R) Gold 6240M CPU @ 2.60GHz","0.6.0","1.7.3","true","0.387636175"
"194","(5, 1, 0, 1, 2, 2, 2)","2026-07-09 08:04:49","Intel(R) Xeon(R) Gold 6240M CPU @ 2.60GHz","0.6.0","1.7.3","true","2.70280713"
"195","(5, 1, 0, 1, 2, 3, 1)","2026-07-09 08:04:52","Intel(R) Xeon(R) Gold 6240M CPU @ 2.60GHz","0.6.0","1.7.3","true","0.428437175"
"196","(5, 1, 0, 1, 2, 3, 2)","2026-07-09 08:04:52","Intel(R) Xeon(R) Gold 6240M CPU @ 2.60GHz","0.6.0","1.7.3","true","0.61086424"
"197","(5, 1, 0, 1, 2, 4, 1)","2026-07-09 08:04:53","Intel(R) Xeon(R) Gold 6240M CPU @ 2.60GHz","0.6.0","1.7.3","true","0.411637393"
"198","(5, 1, 0, 1, 2, 4, 2)","2026-07-09 08:04:53","Intel(R) Xeon(R) Gold 6240M CPU @ 2.60GHz","0.6.0","1.7.3","true","0.528562795"
"199","(5, 1, 0, 1, 3, 1, 1)","2026-07-09 08:04:54","Intel(R) Xeon(R) Gold 6240M CPU @ 2.60GHz","0.6.0","1.7.3","true","0.540227068"
"200","(5, 1, 0, 1, 3, 1, 2)","2026-07-09 08:04:54","Intel(R) Xeon(R) Gold 6240M CPU @ 2.60GHz","0.6.0","1.7.3","true","0.412153147"
"201","(5, 1, 0, 1, 3, 2, 1)","2026-07-09 08:04:55","Intel(R) Xeon(R) Gold 6240M CPU @ 2.60GHz","0.6.0","1.7.3","true","0.404661445"
"202","(5, 1, 0, 1, 3, 2, 2)","2026-07-09 08:04:55","Intel(R) Xeon(R) Gold 6240M CPU @ 2.60GHz","0.6.0","1.7.3","true","0.533587837"
"203","(5, 1, 0, 1, 3, 3, 1)","2026-07-09 08:04:56","Intel(R) Xeon(R) Gold 6240M CPU @ 2.60GHz","0.6.0","1.7.3","true","0.443635626"
"204","(5, 1, 0, 1, 3, 3, 2)","2026-07-09 08:04:57","Intel(R) Xeon(R) Gold 6240M CPU @ 2.60GHz","0.6.0","1.7.3","true","0.443359691"
"205","(5, 1, 0, 1, 3, 4, 1)","2026-07-09 08:04:57","Intel(R) Xeon(R) Gold 6240M CPU @ 2.60GHz","0.6.0","1.7.3","true","0.488389572"
"206","(5, 1, 0, 1, 3, 4, 2)","2026-07-09 08:04:58","Intel(R) Xeon(R) Gold 6240M CPU @ 2.60GHz","0.6.0","1.7.3","true","0.445386869"
"207","(5, 1, 0, 1, 3, 5, 1)","2026-07-09 08:04:58","Intel(R) Xeon(R) Gold 6240M CPU @ 2.60GHz","0.6.0","1.7.3","true","0.494986739"
"208","(5, 1, 0, 1, 3, 5, 2)","2026-07-09 08:04:59","Intel(R) Xeon(R) Gold 6240M CPU @ 2.60GHz","0.6.0","1.7.3","true","0.431259486"
"209","(5, 1, 0, 1, 3, 6, 1)","2026-07-09 08:04:59","Intel(R) Xeon(R) Gold 6240M CPU @ 2.60GHz","0.6.0","1.7.3","true","0.493375177"
"210","(5, 1, 0, 1, 3, 6, 2)","2026-07-09 08:05:00","Intel(R) Xeon(R) Gold 6240M CPU @ 2.60GHz","0.6.0","1.7.3","true","0.42704448"
"211","(5, 1, 0, 1, 4, 1, 1)","2026-07-09 08:05:00","Intel(R) Xeon(R) Gold 6240M CPU @ 2.60GHz","0.6.0","1.7.3","true","0.436536306"
"212","(5, 1, 0, 1, 4, 1, 2)","2026-07-09 08:05:01","Intel(R) Xeon(R) Gold 6240M CPU @ 2.60GHz","0.6.0","1.7.3","true","2.73894066"
"213","(5, 1, 0, 1, 4, 2, 1)","2026-07-09 08:05:04","Intel(R) Xeon(R) Gold 6240M CPU @ 2.60GHz","0.6.0","1.7.3","true","0.421804471"
"214","(5, 1, 0, 1, 4, 2, 2)","2026-07-09 08:05:05","Intel(R) Xeon(R) Gold 6240M CPU @ 2.60GHz","0.6.0","1.7.3","true","0.596384932"
"215","(5, 1, 0, 1, 4, 3, 1)","2026-07-09 08:05:05","Intel(R) Xeon(R) Gold 6240M CPU @ 2.60GHz","0.6.0","1.7.3","true","0.426396389"
"216","(5, 1, 0, 1, 4, 3, 2)","2026-07-09 08:05:06","Intel(R) Xeon(R) Gold 6240M CPU @ 2.60GHz","0.6.0","1.7.3","true","0.54340246"
"217","(5, 1, 0, 1, 4, 4, 1)","2026-07-09 08:05:07","Intel(R) Xeon(R) Gold 6240M CPU @ 2.60GHz","0.6.0","1.7.3","true","0.425064658"
"218","(5, 1, 0, 1, 4, 4, 2)","2026-07-09 08:05:07","Intel(R) Xeon(R) Gold 6240M CPU @ 2.60GHz","0.6.0","1.7.3","true","0.525439829"
"219","(5, 1, 0, 1, 4, 5, 1)","2026-07-09 08:05:08","Intel(R) Xeon(R) Gold 6240M CPU @ 2.60GHz","0.6.0","1.7.3","true","0.520478025"
"220","(5, 1, 0, 1, 4, 5, 2)","2026-07-09 08:05:08","Intel(R) Xeon(R) Gold 6240M CPU @ 2.60GHz","0.6.0","1.7.3","true","0.36706666"
"221","(5, 1, 0, 1, 4, 6, 1)","2026-07-09 08:05:09","Intel(R) Xeon(R) Gold 6240M CPU @ 2.60GHz","0.6.0","1.7.3","true","0.591469247"
"222","(5, 1, 0, 1, 4, 6, 2)","2026-07-09 08:05:09","Intel(R) Xeon(R) Gold 6240M CPU @ 2.60GHz","0.6.0","1.7.3","true","0.376422743"
"223","(5, 1, 0, 3, 1, 1, 1)","2026-07-09 08:05:10","Intel(R) Xeon(R) Gold 6240M CPU @ 2.60GHz","0.6.0","1.7.3","true","4.621789963"
"224","(5, 1, 0, 3, 1, 1, 2)","2026-07-09 08:05:15","Intel(R) Xeon(R) Gold 6240M CPU @ 2.60GHz","0.6.0","1.7.3","true","2.080167336"
"225","(5, 1, 0, 3, 1, 2, 1)","2026-07-09 08:05:17","Intel(R) Xeon(R) Gold 6240M CPU @ 2.60GHz","0.6.0","1.7.3","true","1.998630345"
"226","(5, 1, 0, 3, 1, 2, 2)","2026-07-09 08:05:19","Intel(R) Xeon(R) Gold 6240M CPU @ 2.60GHz","0.6.0","1.7.3","true","1.937868156"
"227","(5, 1, 0, 3, 2, 1, 1)","2026-07-09 08:05:21","Intel(R) Xeon(R) Gold 6240M CPU @ 2.60GHz","0.6.0","1.7.3","true","1.899421531"
"228","(5, 1, 0, 3, 2, 1, 2)","2026-07-09 08:05:23","Intel(R) Xeon(R) Gold 6240M CPU @ 2.60GHz","0.6.0","1.7.3","true","4.109194667"
"229","(5, 1, 0, 3, 2, 2, 1)","2026-07-09 08:05:27","Intel(R) Xeon(R) Gold 6240M CPU @ 2.60GHz","0.6.0","1.7.3","true","2.059253108"
"230","(5, 1, 0, 3, 2, 2, 2)","2026-07-09 08:05:30","Intel(R) Xeon(R) Gold 6240M CPU @ 2.60GHz","0.6.0","1.7.3","true","2.026375433"
"231","(5, 1, 0, 4, 1, 1, 1)","2026-07-09 08:05:32","Intel(R) Xeon(R) Gold 6240M CPU @ 2.60GHz","0.6.0","1.7.3","true","2.320925699"
"232","(5, 1, 0, 4, 1, 2, 1)","2026-07-09 08:05:34","Intel(R) Xeon(R) Gold 6240M CPU @ 2.60GHz","0.6.0","1.7.3","true","2.09999343"
"233","(5, 1, 0, 4, 1, 3, 1)","2026-07-09 08:05:37","Intel(R) Xeon(R) Gold 6240M CPU @ 2.60GHz","0.6.0","1.7.3","true","4.75707355"
"234","(5, 1, 0, 4, 2, 0, 1)","2026-07-09 08:05:41","Intel(R) Xeon(R) Gold 6240M CPU @ 2.60GHz","0.6.0","1.7.3","true","2.490508921"
"235","(5, 1, 0, 4, 3, 0, 1)","2026-07-09 08:05:44","Intel(R) Xeon(R) Gold 6240M CPU @ 2.60GHz","0.6.0","1.7.3","true","2.270235843"
"236","(5, 1, 0, 6, 1, 1, 1)","2026-07-09 08:05:46","Intel(R) Xeon(R) Gold 6240M CPU @ 2.60GHz","0.6.0","1.7.3","true","3.745620428"
"237","(5, 1, 0, 6, 2, 1, 1)","2026-07-09 08:05:50","Intel(R) Xeon(R) Gold 6240M CPU @ 2.60GHz","0.6.0","1.7.3","true","5.747868773"
"238","(5, 1, 0, 7, 1, 1, 1)","2026-07-09 08:05:56","Intel(R) Xeon(R) Gold 6240M CPU @ 2.60GHz","0.6.0","1.7.3","true","7.14296005"
"239","(5, 1, 0, 7, 1, 2, 1)","2026-07-09 08:06:04","Intel(R) Xeon(R) Gold 6240M CPU @ 2.60GHz","0.6.0","1.7.3","true","3.859843018"
"240","(5, 1, 0, 7, 2, 1, 1)","2026-07-09 08:06:08","Intel(R) Xeon(R) Gold 6240M CPU @ 2.60GHz","0.6.0","1.7.3","true","4.183629871"
"241","(5, 1, 0, 7, 2, 2, 1)","2026-07-09 08:06:12","Intel(R) Xeon(R) Gold 6240M CPU @ 2.60GHz","0.6.0","1.7.3","true","5.990733316"
"242","(5, 1, 0, 10, 1, 1, 1)","2026-07-09 08:06:18","Intel(R) Xeon(R) Gold 6240M CPU @ 2.60GHz","0.6.0","1.7.3","true","9.67445193"
"243","(5, 1, 0, 10, 1, 2, 1)","2026-07-09 08:06:28","Intel(R) Xeon(R) Gold 6240M CPU @ 2.60GHz","0.6.0","1.7.3","true","9.643769521"
"244","(5, 1, 0, 10, 2, 1, 1)","2026-07-09 08:06:38","Intel(R) Xeon(R) Gold 6240M CPU @ 2.60GHz","0.6.0","1.7.3","true","9.552684146"
"245","(5, 1, 0, 10, 2, 2, 1)","2026-07-09 08:06:48","Intel(R) Xeon(R) Gold 6240M CPU @ 2.60GHz","0.6.0","1.7.3","true","9.694628911"
"246","(5, 1, 0, 10, 3, 1, 1)","2026-07-09 08:06:57","Intel(R) Xeon(R) Gold 6240M CPU @ 2.60GHz","0.6.0","1.7.3","true","9.466115468"
"247","(5, 1, 0, 10, 3, 2, 1)","2026-07-09 08:07:07","Intel(R) Xeon(R) Gold 6240M CPU @ 2.60GHz","0.6.0","1.7.3","true","9.807045796"
"248","(5, 1, 0, 10, 4, 1, 1)","2026-07-09 08:07:17","Intel(R) Xeon(R) Gold 6240M CPU @ 2.60GHz","0.6.0","1.7.3","true","7.487907454"
"249","(5, 1, 0, 10, 4, 2, 1)","2026-07-09 08:07:25","Intel(R) Xeon(R) Gold 6240M CPU @ 2.60GHz","0.6.0","1.7.3","true","9.530832077"
"250","(5, 1, 0, 10, 5, 1, 1)","2026-07-09 08:07:35","Intel(R) Xeon(R) Gold 6240M CPU @ 2.60GHz","0.6.0","1.7.3","true","9.563171759"
"251","(5, 1, 0, 10, 5, 2, 1)","2026-07-09 08:07:44","Intel(R) Xeon(R) Gold 6240M CPU @ 2.60GHz","0.6.0","1.7.3","true","9.653273898"
"252","(5, 1, 2, 1, 1, 0, 1)","2026-07-09 08:07:54","Intel(R) Xeon(R) Gold 6240M CPU @ 2.60GHz","0.6.0","1.7.3","true","0.44042071"
"253","(5, 1, 2, 1, 1, 0, 2)","2026-07-09 08:07:55","Intel(R) Xeon(R) Gold 6240M CPU @ 2.60GHz","0.6.0","1.7.3","true","0.588980225"
"254","(5, 1, 2, 1, 2, 0, 1)","2026-07-09 08:07:55","Intel(R) Xeon(R) Gold 6240M CPU @ 2.60GHz","0.6.0","1.7.3","true","2.596911366"
"255","(5, 1, 2, 1, 2, 0, 2)","2026-07-09 08:07:58","Intel(R) Xeon(R) Gold 6240M CPU @ 2.60GHz","0.6.0","1.7.3","true","0.63535423"
"256","(5, 1, 2, 1, 3, 0, 1)","2026-07-09 08:07:59","Intel(R) Xeon(R) Gold 6240M CPU @ 2.60GHz","0.6.0","1.7.3","true","0.397220903"
"257","(5, 1, 2, 1, 3, 0, 2)","2026-07-09 08:07:59","Intel(R) Xeon(R) Gold 6240M CPU @ 2.60GHz","0.6.0","1.7.3","true","0.555907719"
"258","(5, 1, 2, 1, 4, 0, 1)","2026-07-09 08:08:00","Intel(R) Xeon(R) Gold 6240M CPU @ 2.60GHz","0.6.0","1.7.3","true","0.388241195"
"259","(5, 1, 2, 1, 4, 0, 2)","2026-07-09 08:08:00","Intel(R) Xeon(R) Gold 6240M CPU @ 2.60GHz","0.6.0","1.7.3","true","0.533973504"
"260","(5, 1, 2, 3, 1, 0, 1)","2026-07-09 08:08:01","Intel(R) Xeon(R) Gold 6240M CPU @ 2.60GHz","0.6.0","1.7.3","true","1.917878207"
"261","(5, 1, 2, 3, 1, 0, 2)","2026-07-09 08:08:03","Intel(R) Xeon(R) Gold 6240M CPU @ 2.60GHz","0.6.0","1.7.3","true","1.906168095"
"262","(5, 1, 2, 3, 2, 0, 1)","2026-07-09 08:08:05","Intel(R) Xeon(R) Gold 6240M CPU @ 2.60GHz","0.6.0","1.7.3","true","1.899045726"
"263","(5, 1, 2, 3, 2, 0, 2)","2026-07-09 08:08:07","Intel(R) Xeon(R) Gold 6240M CPU @ 2.60GHz","0.6.0","1.7.3","true","4.125693423"
"264","(5, 1, 2, 4, 1, 0, 1)","2026-07-09 08:08:11","Intel(R) Xeon(R) Gold 6240M CPU @ 2.60GHz","0.6.0","1.7.3","true","3.407259017"
"265","(5, 1, 2, 4, 2, 0, 1)","2026-07-09 08:08:15","Intel(R) Xeon(R) Gold 6240M CPU @ 2.60GHz","0.6.0","1.7.3","true","3.172036725"
"266","(5, 1, 4, 1, 1, 1, 1)","2026-07-09 08:08:18","Intel(R) Xeon(R) Gold 6240M CPU @ 2.60GHz","0.6.0","1.7.3","true","0.139955547"
"267","(5, 1, 4, 1, 1, 1, 2)","2026-07-09 08:08:18","Intel(R) Xeon(R) Gold 6240M CPU @ 2.60GHz","0.6.0","1.7.3","true","0.255811926"
"268","(5, 1, 4, 1, 1, 1, 3)","2026-07-09 08:08:18","Intel(R) Xeon(R) Gold 6240M CPU @ 2.60GHz","0.6.0","1.7.3","true","0.140588439"
"269","(5, 1, 4, 1, 1, 2, 1)","2026-07-09 08:08:19","Intel(R) Xeon(R) Gold 6240M CPU @ 2.60GHz","0.6.0","1.7.3","true","0.435348996"
"270","(5, 1, 4, 1, 1, 2, 2)","2026-07-09 08:08:19","Intel(R) Xeon(R) Gold 6240M CPU @ 2.60GHz","0.6.0","1.7.3","true","0.127338507"
"271","(5, 1, 4, 1, 1, 2, 3)","2026-07-09 08:08:19","Intel(R) Xeon(R) Gold 6240M CPU @ 2.60GHz","0.6.0","1.7.3","true","0.152626403"
"272","(5, 1, 4, 1, 1, 3, 1)","2026-07-09 08:08:20","Intel(R) Xeon(R) Gold 6240M CPU @ 2.60GHz","0.6.0","1.7.3","true","2.398379244"
"273","(5, 1, 4, 1, 1, 3, 2)","2026-07-09 08:08:22","Intel(R) Xeon(R) Gold 6240M CPU @ 2.60GHz","0.6.0","1.7.3","true","0.132326607"
"274","(5, 1, 4, 1, 2, 0, 1)","2026-07-09 08:08:22","Intel(R) Xeon(R) Gold 6240M CPU @ 2.60GHz","0.6.0","1.7.3","true","0.152316812"
"275","(5, 1, 4, 1, 2, 0, 2)","2026-07-09 08:08:22","Intel(R) Xeon(R) Gold 6240M CPU @ 2.60GHz","0.6.0","1.7.3","true","0.159672654"
"276","(5, 1, 4, 1, 2, 0, 3)","2026-07-09 08:08:23","Intel(R) Xeon(R) Gold 6240M CPU @ 2.60GHz","0.6.0","1.7.3","true","0.161127194"
"277","(5, 1, 4, 1, 3, 0, 1)","2026-07-09 08:08:23","Intel(R) Xeon(R) Gold 6240M CPU @ 2.60GHz","0.6.0","1.7.3","true","0.356500697"
"278","(5, 1, 4, 1, 3, 0, 2)","2026-07-09 08:08:23","Intel(R) Xeon(R) Gold 6240M CPU @ 2.60GHz","0.6.0","1.7.3","true","0.147321352"
"279","(5, 1, 4, 1, 3, 0, 3)","2026-07-09 08:08:24","Intel(R) Xeon(R) Gold 6240M CPU @ 2.60GHz","0.6.0","1.7.3","true","0.154231456"
